DirectorID,First_name,Last_name,Birthday,Email,MovieID
1,James,Carter,1974-09-16,hunterkristen@yahoo.com,44
2,Jonathan,Campbell,1964-01-09,john51@yahoo.com,95
3,Ryan,Nelson,1963-02-19,pedrojensen@warren-obrien.com,74
4,Kim,Kennedy,1988-11-15,hraymond@harrison.com,86
5,Melinda,Sullivan,1963-01-28,yeseniacarpenter@gmail.com,27
6,Corey,Mclaughlin,1986-09-12,aprilgonzales@mccarthy.info,57
7,Robert,Glass,1975-12-09,ballseth@stafford.org,59
8,Willie,Valdez,1977-09-20,alicia83@yahoo.com,54
9,Wendy,Ward,1970-05-06,stephanie50@yahoo.com,45
10,April,Scott,1959-03-31,leecolleen@alvarez.com,100
11,Jennifer,Rogers,1992-02-03,brian59@gmail.com,78
12,Brenda,Henry,1958-09-01,qcastro@gmail.com,22
13,Daniel,Kaufman,1992-09-27,burnettjames@gmail.com,42
14,Shelby,Brown,1987-01-14,cynthia00@gmail.com,65
15,Jaime,Khan,1985-04-18,jessicathomas@hotmail.com,17
16,Natasha,Farmer,1957-05-28,zjacobs@gmail.com,70
17,Linda,Allen,1958-06-19,alexandriaadams@singleton-diaz.biz,75
18,Jennifer,Stewart,1962-03-28,rowens@kelly.biz,32
19,Thomas,Miles,1974-10-06,pamelataylor@gmail.com,58
20,Rebecca,Andrews,1976-06-06,berryvictoria@smith.net,84
21,Michael,Lewis,1978-09-11,julia82@patel-walker.info,74
22,Alexa,George,1958-02-10,hornemary@hotmail.com,45
23,Matthew,Francis,1962-04-16,rachel73@yahoo.com,2
24,Ashley,Stevens,1978-10-08,gomezheather@johnson.org,18
25,David,Gonzalez,1981-12-25,timothyterry@garcia-mckinney.com,56
26,Andrea,White,1960-10-07,pricemichele@gmail.com,66
27,Chad,Hunt,1984-08-26,ejohnson@hotmail.com,4
28,Sharon,Walker,1963-07-30,crussell@martin.biz,60
29,Nicole,Stewart,1963-05-05,kwatts@herring.com,8
30,Bianca,Hudson,1970-06-08,richard46@yahoo.com,69
31,Joy,Johnson,1971-03-18,weberchristina@yahoo.com,48
32,Gregory,Miles,1968-04-15,david77@wilson.biz,29
33,Michael,Miller,1989-01-18,zacharymiles@gmail.com,25
34,Thomas,Graham,1954-03-26,rivasjasmine@callahan.com,3
35,Stephen,Osborne,1967-10-19,reesedustin@carr-hughes.info,28
36,John,West,1973-10-01,bmoore@osborne-sanders.info,17
37,Thomas,Vasquez,1958-11-30,wardmary@ball.com,96
38,Michele,Green,1981-03-06,kathleen99@rivas.com,81
39,Jeffrey,Simmons,1953-08-22,slopez@gmail.com,84
40,Mark,Sosa,1956-06-05,jenniferbowers@gmail.com,57
41,Morgan,Wilson,1971-01-01,selena23@yahoo.com,45
42,Richard,Wagner,1963-05-25,butlerelizabeth@hernandez.com,82
43,John,Moore,1980-06-21,christinemoore@gmail.com,93
44,Andrew,Green,1959-03-26,melissadavis@gmail.com,21
45,Brent,Valdez,1978-03-23,obaker@reynolds-perez.com,18
46,Michael,Nelson,1955-12-01,marcusaustin@yahoo.com,29
47,John,Bell,1970-02-21,shanegutierrez@gordon-lopez.info,44
48,Sarah,Martin,1955-04-20,antonio54@norton-smith.net,25
49,Alison,Moore,1975-01-04,jacob74@carroll.com,10
50,Dennis,Jacobs,1964-05-03,wparsons@hotmail.com,58
51,Benjamin,Snyder,1972-04-13,charles62@williamson-martinez.com,74
52,Jacqueline,Perez,1970-08-11,krista08@gmail.com,23
53,Andrea,Mcguire,1971-07-12,seth23@williams.com,61
54,Jason,Hoffman,1973-07-01,virginiaevans@liu.com,88
55,Nancy,Oliver,1955-08-30,ericspencer@yahoo.com,19
56,Lisa,Hale,1984-06-12,tannerkara@hotmail.com,47
57,Michael,Fischer,1970-02-04,alexanderstephens@dominguez.biz,8
58,Aaron,Flores,1978-04-07,bpreston@lynn-hansen.biz,71
59,Donald,Harrison,1959-06-06,rsanchez@yahoo.com,24
60,Mathew,Wong,1981-02-14,james20@cruz.com,40
61,Michael,Johnson,1979-10-10,andrewhayes@hotmail.com,23
62,Ashley,Hoffman,1964-08-13,hunterrobert@gmail.com,89
63,Jacqueline,Bryant,1977-11-26,garyrobles@kim-allison.com,68
64,Edward,Mullins,1967-09-09,ayoung@gmail.com,88
65,Curtis,Harris,1978-07-07,johnmoore@harrington-house.com,92
66,Antonio,Cunningham,1985-08-22,mark98@hotmail.com,81
67,Jennifer,Alexander,1992-02-03,smithwilliam@yahoo.com,82
68,Savannah,Ford,1984-02-04,zacharyward@rice-miller.com,34
69,Brian,Ho,1971-11-14,jaymiller@santos-villa.biz,53
70,William,Cunningham,1978-07-25,ygarcia@hotmail.com,47
71,Alexa,Smith,1964-08-15,christinajensen@alvarado.com,84
72,Anthony,Hayes,1979-12-20,emma88@gmail.com,81
73,Amy,Miller,1980-09-30,johnmills@hotmail.com,67
74,Mary,Parsons,1953-12-29,angel42@hotmail.com,46
75,Matthew,Thomas,1964-11-06,christopherjackson@gmail.com,1
76,Tammy,Arias,1966-08-22,paulbrandi@hotmail.com,11
77,Cameron,Maxwell,1966-06-05,colin61@gmail.com,47
78,Dustin,Kelley,1969-05-21,phillipsmatthew@yahoo.com,93
79,Anthony,Arnold,1985-08-11,padillajeffery@walker.org,100
80,Alicia,Thompson,1978-04-10,marcus45@yahoo.com,100
81,Daniel,Mcdaniel,1976-05-27,jennifer37@gallegos.org,87
82,Cory,Garrett,1972-11-06,tony88@rich-austin.net,16
83,Alyssa,Smith,1985-05-18,haleydavid@carter.net,66
84,Nicole,Robbins,1968-05-15,mbrooks@young.com,8
85,Cathy,Rivera,1991-03-08,moorenicholas@hamilton-myers.org,15
86,Scott,Black,1955-07-07,rothgregory@martin.com,100
87,Angela,Long,1957-09-13,barajasjasmine@yahoo.com,78
88,David,Johnson,1953-09-27,rebecca43@yahoo.com,11
89,Anita,Walsh,1961-07-03,anthonykeith@gmail.com,25
90,Joshua,Johnson,1957-11-14,kristen67@williams-garcia.net,2
91,Willie,Davis,1981-05-27,danielhill@gmail.com,83
92,Rachel,Evans,1959-01-16,anthonywolfe@barker.com,22
93,Richard,Hudson,1977-07-07,masonluis@weiss-buckley.info,68
94,Jonathan,Nguyen,1954-08-04,amann@hotmail.com,66
95,John,Hogan,1973-09-22,colonangela@hotmail.com,95
96,Karen,Wallace,1964-05-31,parkcynthia@hotmail.com,98
97,Philip,Brown,1961-09-10,cookalyssa@yahoo.com,40
98,Courtney,Kelley,1961-06-12,hurleyamber@yahoo.com,36
99,Julia,Lewis,1979-04-10,marcus30@becker-jordan.org,11
100,Alan,Sanchez,1968-04-20,lopezrobert@smith.com,27
