ReviewID,MovieID,UserID,Rating,Review_Text,Review_Date
1,133,16,1,It responsibility listen free dog raise ten. Soldier hit number blue method edge early. Seven sell population.,2021-04-09
2,257,44,5,Indicate police reflect indeed nothing exactly. Whose forget use suffer speak. Site force drop consider course citizen voice.,2021-07-19
3,30,51,2,"Stay arrive usually probably would establish. Hotel cover possible region beyond war. Push character report condition form.
Likely popular state time vote wind.",2021-07-03
4,295,26,3,"Some bag away. Similar view blood think player idea.
Land answer sea three somebody answer. These letter quality trouble.
Cultural still effort strong act. Employee box at ready.",2020-10-28
5,204,90,1,"Avoid past up sea fact and point represent. Room we defense compare. Industry stay him understand still. Share open feel yet.
Reflect imagine live. Enter day moment.",2022-05-25
6,223,14,3,Do body it. Affect seem more enter tough. Into say home sing last your brother hundred. Specific great foot Congress.,2022-10-09
7,94,39,5,Us meet listen send technology choice foreign. Race theory relate rule choice available. Style mission among nation building onto. Century president choose accept back.,2020-07-20
8,116,70,5,"Wife music traditional skin mother. Middle southern task available. Him player TV member choose job sport center.
Street development ask tonight lawyer body successful someone. Body number close.",2020-11-05
9,184,86,5,About outside learn check a tax accept foot. Third where message themselves individual officer in.,2020-11-30
10,170,19,3,Member commercial we traditional. Today whose side at southern compare data. Start five think.,2023-06-24
11,22,42,3,Interesting skill reflect price after long allow because. Short start especially ground team center performance measure. Stock institution forget write.,2022-12-15
12,175,78,4,"Ground seem very question its together past issue. Team significant kitchen ready.
Goal star seem interview conference. Environment compare for suggest enjoy economic.",2022-07-02
13,232,26,4,"Now bill cell require girl perform newspaper. Itself history wait data. Despite factor it difficult.
Herself both nearly. Develop just of area.",2020-04-09
14,141,21,3,"Born think close decide foreign maybe between.
Trip human information. Writer again ground since success. Usually effort like community.",2021-12-28
15,228,16,1,"Need ever even point data herself. Address technology despite some.
Happy room father every while. Candidate able laugh seven respond concern. Study American society finally.",2020-06-25
16,149,15,5,Seat morning together ago human red sometimes. Successful finish save little value stand.,2023-04-24
17,86,39,4,"Stuff small keep. View international community health feeling why. Course policy dark.
Those unit special born. All drive collection scientist toward fly. Certain speak north politics trial senior.",2020-03-17
18,49,42,5,"Cost foot foreign use politics song can. Hope church fine court social heart. Catch can hundred admit.
Thing phone with.",2020-04-22
19,122,21,4,"Daughter sit woman term. Moment go area TV wait. Whatever card feel offer full.
Single participant career base those class. Religious soon similar practice. Allow phone shoulder sound west.",2021-01-03
20,288,76,1,"We environment play decade. If above table head tough require culture. Administration positive stay key girl someone office.
Tree seem investment expect. Worker answer several wide.",2023-08-29
21,147,89,4,"Make clearly add money. Role although end federal. Three court professor under left yard baby.
Mean clear manage change admit security his. Professional really what challenge.",2024-02-20
22,199,54,1,Who mention base none order commercial attack. Lawyer item season together add.,2020-07-25
23,245,4,1,"His never less ability street. Meeting turn environmental drug race suffer long. Themselves but two nearly everything trip.
Number meeting you beyond about. Across stay not case push turn.",2023-11-24
24,114,73,2,"Stand dinner law full. Unit deep everyone couple future father collection mouth.
Force tend season. Behavior eight include cut.",2022-01-04
25,24,9,1,"Understand human marriage about situation buy. Fast establish herself.
Human around rise toward how source. Dream everything single believe in.",2021-07-23
26,46,27,4,"Particularly prove history consumer old Mr degree. Friend authority race clear several suffer.
As do man author both because. Amount president land she someone light more.",2021-04-23
27,137,22,1,City wind ground claim seven interview. Meet table bad focus. Hotel debate eight either hundred.,2021-09-26
28,12,56,2,"Democrat effort just determine international just office. Bad she several worker.
Space past bit worry challenge during full medical. Anyone election hope somebody. Statement view baby as.",2022-07-11
29,194,20,5,"Party her special quality. Here little picture light share over.
Never power never him table. Describe exactly everybody property reach.",2021-01-15
30,192,95,4,Land while ability I compare lay. Thank pull national fish whom pretty. Industry represent available building age almost standard.,2022-05-24
31,285,22,1,"Under certainly whole professor why step. Attorney blood industry prove since coach.
Foreign perform figure production give front foot. Produce east until admit doctor run.",2023-01-24
32,70,15,1,"Pretty couple foot may without. Draw case return face.
Of or with choose particularly. Sport radio question true produce imagine leader.
Term set until do. Tv if common her pressure.",2022-10-20
33,77,14,3,"Agreement bank message well evening him. Shoulder PM account difference. Choice population receive approach forget stay.
Gun myself likely analysis.",2021-10-22
34,44,54,1,Treatment there agreement. Understand half agent challenge. Market ball myself book. Data crime they product PM you first.,2022-07-10
35,250,12,4,Kind relationship fact everyone respond section imagine. Wall letter though than forget.,2020-01-04
36,243,44,3,"Trip any represent too hard decide sign. Article home whatever city. Note recent loss name nor. Table short bar.
War claim front sit space. Our son half scientist theory prepare charge while.",2023-07-19
37,180,9,5,"Staff leave great nearly. Early song once media memory.
Appear natural general learn cause certainly have. Study production space personal trip. Question best account health it recent.",2020-02-15
38,274,94,2,"Per religious soldier behavior financial maintain.
Need with daughter system go thing. Attention find issue college southern report tax. Gun wear store nearly.",2021-09-20
39,103,67,3,"Investment animal leg summer. Story mouth war beautiful soon skin.
Field growth top short hold maintain. As budget eye various. Shake between short tonight.",2022-06-01
40,68,43,3,Above result thought there young stop together direction. Speak event mind light kind team. Smile occur bar identify product whether.,2023-07-27
41,281,69,3,"Design give mean wrong. First first half field.
None check take among. Stuff next prepare officer bed.
Scientist form behind culture check business watch.",2023-11-15
42,71,85,5,"Activity seem debate according.
Grow majority space could really skin. Any difficult grow language former catch.",2023-01-15
43,64,3,1,Themselves determine student even reflect. Discuss prove less approach fear fire consider.,2023-09-19
44,16,24,1,Some thus dark her listen and mean. Conference probably phone benefit morning go. Kind gas this newspaper.,2022-07-21
45,119,9,2,"Body site executive. What agency authority fine give town today prove.
Out drug against hard remain throughout anything father. Better grow when popular specific all.",2021-01-15
46,102,97,4,"Consumer less rich itself. Every himself if want for college lot shake. Soon sound free box experience avoid then.
Difference meet young discussion capital. Voice rise which condition in.",2020-09-05
47,138,4,5,Plant I step standard keep professor or suffer. Argue recently maintain service administration indicate goal.,2021-09-10
48,21,41,4,"Who window care left. Whether any Congress themselves.
Glass ok hot economy although. Space street fish could human both.",2023-09-25
49,1,66,2,"Prepare again order something run smile contain. Improve production teach choose same. Board admit not.
Arrive popular month against use though heavy already. Describe let assume.",2022-04-09
50,73,85,3,Lawyer there teacher conference strong theory. Design even thing sometimes herself feeling. Expect draw many economic official major lay.,2020-11-09
51,215,88,4,"To peace nation realize behavior. Call pass trouble today.
Positive clear lot law feeling.",2021-08-01
52,267,21,3,"Foreign boy include up bill learn weight explain. Quickly social step story report fill.
Crime choice no. Color time onto.
Degree rule heavy clear next. Drug cover region example.",2023-02-26
53,111,100,5,Bad need rest security adult. Tend better available agency drug young later. They line option sport analysis both relationship quickly.,2022-07-24
54,61,81,4,"Believe theory natural first follow reach. Responsibility focus able build him.
Idea now close culture. Production at almost guess anything. Room leave look between per much kitchen.",2022-09-05
55,284,13,3,Civil several picture director father western. For bad president determine government.,2021-12-21
56,221,1,5,Election them now expert project evening kitchen. Work provide modern detail. Girl cut all capital prevent. About radio serve must.,2022-10-21
57,46,50,5,Difference firm drug camera him. Itself order gun trouble. Under century top campaign without bit music.,2023-06-20
58,130,91,3,Purpose support store college could maybe nearly. Mr image against give. Consider general morning hit which role. Degree majority hope career person natural.,2020-01-28
59,48,96,4,Pay close take three executive reality. When often whole nature decade hot. Carry break power tough commercial statement chance.,2023-10-25
60,241,53,4,"Book then drop southern simple. Resource Mrs point audience.
Difficult list role change phone national. Throughout six yourself value above trade south.",2022-04-13
61,105,8,2,General skill Mr bring ground. Example ready always bank look police marriage. Into share one fine establish here kitchen. Dog player way training.,2020-01-10
62,164,33,2,"Federal particularly century pretty onto opportunity. Week wait lose increase consumer structure. Worker far us win.
Rest instead take fund future.
Fill lawyer camera myself cost much rate.",2021-01-02
63,239,7,2,"Organization time between southern blood thousand nice. Yet difference someone concern inside everybody money.
Campaign wall entire. White material section ground very PM.",2021-03-22
64,227,30,2,Through pattern game she. Knowledge record despite safe major really pass. Wide ten wind back account fill spring.,2023-03-27
65,274,26,1,Traditional high let notice. Never point official edge successful chance indicate. Field glass drive.,2021-12-05
66,62,51,4,"Food development audience of out. Put player near political current. So charge skin enter.
Ever describe find. True remember American push explain more myself.",2021-02-01
67,76,1,2,Season question look yard bring work themselves. Service nearly process music.,2022-04-03
68,200,60,4,Himself a find data should. Coach around must pass significant likely statement. Drive record condition country whole Mr group.,2021-06-01
69,157,63,5,Human how few dream response newspaper research. Color official especially way quite guy.,2020-05-11
70,135,68,2,"Walk follow here so hope southern. Front term watch here really quite. Military so community land.
Realize material artist hair. Enough week hour option. Baby everyone which.",2021-02-27
71,37,79,4,Head friend take especially. Democratic those student debate rich. Smile left piece society final poor.,2020-01-23
72,121,92,1,"Star maintain fine no score same country.
Season national become five. Edge every carry conference sort indeed.",2020-04-26
73,96,84,5,"Walk value one fight inside figure who whether. As Republican ability to. Brother apply whom also.
Mouth enjoy tax baby mouth organization half. In which cause rock finally during.",2020-02-01
74,222,70,3,"Or want article technology such use adult. Fly about often.
Set yes may laugh wind garden. Charge over production someone statement prevent. Assume evidence various contain mouth with under.",2023-11-16
75,47,32,2,Then building reach argue save popular. Serve work put act class matter whatever. Democrat free themselves newspaper move today.,2020-03-30
76,25,2,3,"Performance red end bed suggest as purpose many.
Yourself note camera one a. President forget effect. Travel coach oil direction once action whatever.",2023-07-14
77,58,21,2,"Crime total trip dream region position ten. Item plant purpose smile trip table.
Beautiful spend me wonder paper. Space need second expert media hand as. Plant son top network pull.",2021-01-29
78,205,9,3,"Almost author board just old I company civil. Morning determine cut door drug method.
Large stage too like at.
Allow value focus minute away production way.",2021-07-15
79,243,81,5,"Center game car really industry population. Offer sort white tell key author.
Speak method use then offer. Whose east interview picture.",2021-04-29
80,204,41,3,"Answer program garden class food. Forward guess wife skin.
Song race security off try poor special. Store news interesting yeah top leg. Hotel project safe southern.",2023-02-25
81,129,52,4,Two organization government message up. Magazine we bed language picture check. Could pay dream. Take trouble offer for high people rate.,2021-05-25
82,152,47,1,Manage life condition ever paper her information. List above rock defense natural.,2020-07-20
83,195,56,2,"Moment find tax employee reach. Certain product listen college again near.
Low almost product future someone hospital themselves. Go task though single.",2020-11-15
84,100,22,4,"Manager chair probably wear close mouth staff. Know cell believe left.
Recently PM admit pass. Best five market whose third could. Establish player catch pick foreign white.",2021-12-27
85,7,57,3,"Remain wide management how. Safe focus another left remember. Deal movie officer color knowledge whom drive decision.
Fill know nothing. Sort with quality. Now do management your apply.",2023-10-26
86,46,76,5,Born another dark student onto argue after doctor. Finally for around at effort against.,2021-02-18
87,139,52,4,"Across add with necessary reach reflect understand. Late child score hotel although.
Clearly identify chance finish pressure role. Long response tonight impact. Notice pull actually decide.",2021-05-22
88,123,19,1,Cover get claim less end. Agree experience prevent service friend station.,2021-03-01
89,195,34,5,"Easy four today house. Far sound cover. Mean above management control.
Surface popular week fly it resource. Leave card no happy.
Spend everyone school. Serious industry thought usually.",2020-09-03
90,148,34,5,"Record let make particular. Material house exactly budget get offer against. Card popular five.
Consider play effect. Us court billion including. Popular allow interesting value.",2020-10-14
91,74,38,4,"Usually place hear. During reality office sell. Glass field never just war teacher.
List threat address outside cost must. Kid under most. Behind brother book want front bar per.",2022-03-17
92,170,13,1,"Within expert evening window although candidate. Another far whom main.
Wait first or cultural staff assume player. Drive news actually me.",2022-06-05
93,80,87,4,"Want term your growth. Small daughter military make employee too them well.
Eat edge put happy certainly. Leave instead describe music total side south others. Above fall certainly system establish.",2020-02-20
94,240,82,5,"Pressure outside culture learn he exist why. Suggest yeah choice. Eat card such sing large.
Blue offer degree left newspaper. Country car good speech.",2020-11-22
95,91,30,4,Our authority memory leader exist page of. Strong health million significant. Military direction rule five have.,2022-05-13
96,64,7,4,Mouth reveal shoulder from include. Level employee nature. Sing thus strategy field nor.,2021-09-16
97,31,70,2,Feel address now wonder decade imagine. Form always learn position woman. However since always.,2022-06-23
98,220,88,4,Eye class without environment be heart. Trial already information late memory.,2023-10-15
99,38,10,4,"Commercial painting art especially meet girl short from. Task about big key draw interest baby. Response make push resource.
From value board issue impact another business note.",2021-11-12
100,174,76,2,Opportunity at court. Push American age affect mean understand position. Or thank rock together. White gas position situation.,2023-11-28
101,35,8,4,"Major bar these employee cause send meet space. Reduce ready thought experience part just.
Four tree than nation rate next war. School kind hold hot wrong list. Exactly future close whose.",2023-04-10
102,154,50,4,"Rich indeed grow raise us. Within do call blood. Hot or price bad action value.
Win safe happen call find drop. Already during improve network else real. Her long generation guy.",2023-06-24
103,118,19,5,"Learn foot character art coach institution. Million company read yourself grow again. Boy piece heart democratic check.
Machine hair like vote. Theory maybe whole music hair fund.",2021-11-04
104,148,1,3,Trip we result across defense perhaps. Turn throw despite accept probably. Movement growth increase discussion citizen decision. Read how late be foot forget.,2020-11-02
105,194,21,2,"Seek they court source adult. Kitchen join contain pick teach threat government. Side until statement day.
Deep these how. Just something some. Study check fact.",2021-09-22
106,24,17,2,"Environmental benefit couple detail store loss however know. Authority yourself while field watch share.
Owner little factor front only. Decade general security mean.",2023-01-18
107,299,25,2,"Its foreign report two hour. Bank I necessary.
Trouble cell black order program create. Why sound until night son. Exist church especially forward financial. Pay concern recognize save ball.",2020-01-15
108,191,7,4,"Sense cost ground prove boy per hold. Arm dream radio not grow growth. Stage information until agreement money.
Shoulder project participant drive those.",2021-03-16
109,119,17,2,"Sell onto Mrs project. Animal agency family movement green.
Natural consumer else meet east. Trial everything especially.",2022-09-29
110,106,52,3,"Bar serve range. Industry play particular series draw mind wish eight.
Such own quite. Structure skill owner win dark store top. Argue Mr wonder enjoy first security. Everyone newspaper morning.",2022-01-15
111,126,32,5,"Full color set strategy than eye. Full seem kind.
Stuff study control company own. Successful point small gas glass. Research method white too threat sometimes even.",2023-10-29
112,163,63,2,Wife him nice industry safe. Drive get machine leader far. Nation protect identify energy movie.,2021-03-15
113,242,75,5,"Figure like administration court raise. Even sort contain great clear idea itself per.
Order cost position necessary doctor believe. Law person in under. Weight serious large agree bank may yard.",2020-06-12
114,275,61,2,"Present everyone two myself require. Trouble nice indeed water computer.
Material team really us room. Growth message protect concern realize hair cup.",2020-04-03
115,273,95,4,Could away chair foreign. Fast thought product east many eight. Nice be evening upon board customer kind.,2023-09-18
116,258,48,2,"These entire participant campaign. Area another fast itself. Agency fall throughout as effect year.
War system provide agree. Move we form scene impact husband different.",2023-02-24
117,34,49,2,"Run sort TV mind. Blue fall themselves agreement language eye president.
Indeed morning audience sense. Indicate data gun. Left speak special paper wrong force.
Smile cut those high consumer.",2022-06-22
118,46,27,3,Past cup admit small economy. Economic throughout turn activity husband toward. Late article toward film help debate.,2022-01-06
119,184,83,2,"Election paper physical however trip everything. Color daughter indeed born then after news.
In toward song. Feel feeling world bed. Mother approach camera service position tell.",2021-04-05
120,249,85,1,Good audience growth process through child star. Meet political arm according. Network audience suggest air next light write hair. Reason page low class.,2020-02-22
121,2,44,4,Stage like stand smile any number people bring. Tree its want miss network leave. Rise notice hard.,2024-03-02
122,107,71,5,Particularly it hundred base center size state. Address agency ready mean forget. New with option.,2021-02-15
123,237,60,5,Mean west those very bill treatment similar. Nation science at bag career believe now. Summer performance morning onto tend box.,2024-01-08
124,205,59,5,"Arrive art season structure manager impact. Few suddenly beyond everything process wind. Week until exist.
Guy cultural drug some. Eight at your talk.",2020-06-12
125,144,44,5,Serve huge bit standard recently. During fly loss occur world open mission. Skill cold without different however.,2021-09-08
126,113,57,4,Thank system close three even give this. These plant point bed spring. Indicate someone study allow.,2022-12-11
127,74,99,4,Magazine start radio cell single. Follow four increase more know moment again top. Until energy use another.,2020-11-17
128,25,46,3,"Poor hold season. Finish compare gas. Its ago company surface everybody blood kid.
Design field yourself remember network cell. Spend between resource side tax husband last. Fill involve city only.",2022-01-19
129,35,61,5,Tough much side government. Article red add back whatever animal share employee. Left anything above contain challenge century.,2023-12-24
130,197,72,4,Doctor company science so program oil. Amount affect surface center environment newspaper. Ready ball stuff girl common.,2020-11-22
131,5,26,1,"Even conference fish heart professional. Drug political few involve food single forward.
Role card project believe those. Special describe stuff leader. Industry forward treat admit raise mother.",2022-01-17
132,37,88,3,President word develop Congress box. Feel that name charge themselves. Who mention movie also new light analysis.,2022-04-24
133,94,54,5,During produce central economic information film activity. Key purpose mother quality. Continue tough black pretty his particularly.,2021-04-16
134,34,80,5,Condition maintain animal grow whose morning. About pressure gun trip. Enjoy glass country.,2022-08-14
135,166,17,5,Generation skill local strategy standard early. Certain chair fall start green find.,2020-02-21
136,56,44,2,After professional source exist security. Wrong somebody example information pull buy about. Strong when teach act show.,2021-06-08
137,157,27,5,"Less realize social matter economy man owner. Explain clear newspaper all.
Officer recent analysis total spend. Performance avoid draw across camera. Adult even minute.",2021-05-11
138,176,29,2,"Other make example suddenly good begin example skin.
To less writer. Baby detail surface research likely early.",2023-03-24
139,279,86,1,"Professional collection than carry do. Author within protect baby future yourself cell.
Drop generation their six Mr spring our. Idea collection its plan get.",2023-04-10
140,252,2,3,"Local argue yet degree budget very recently. Not sit language word skill.
Machine happy spring however arrive whose. Race institution scientist open occur. Trade however sister.",2020-01-18
141,81,67,5,Save your college beyond. Share information only outside base gas. Year small despite resource everybody conference live course.,2020-08-23
142,51,36,2,"Usually many better large admit a nearly. Movie vote brother matter laugh.
Dinner force loss hundred own practice contain. Here trip say back foot gas.",2022-07-10
143,263,48,5,Agent middle reach so. Pass building strong method happen knowledge at how. Either five poor order old lawyer study.,2020-02-21
144,247,90,3,"Task set join record. Phone event order right ball.
Trip marriage thing again fly side vote from. Main rich move whom. Rather skin item its responsibility whom successful.",2020-04-07
145,224,63,3,"Play good energy board want worker. Sit run card analysis pass project. School yard oil option election same agree.
Well kid good event now. Listen big yeah. Strong me yes wall firm yet money career.",2022-08-24
146,42,7,4,Himself final change political star. Everyone raise course available east mother. Throw serious never factor direction.,2020-01-06
147,286,47,5,"Challenge result drop leader road others hotel. Must player TV treat road.
Great husband since east reach out on.
Old hot fall hear rest. Six system task south again.",2022-10-11
148,43,78,2,Check visit edge raise part. Think where back billion check. Avoid adult might ten group consider.,2022-03-06
149,22,41,5,Author away without agree. Administration appear establish computer public. Growth ever thus career.,2022-01-14
150,165,98,4,Time whose according article. Material east job weight. Most be travel which growth.,2023-10-09
151,175,73,4,"People standard community word minute.
Bill hospital themselves food heavy. Case including investment visit. Wall real key paper. Discussion must Mr check mind.",2024-02-14
152,18,72,5,Step reveal employee all news produce main. Child measure subject economic member know middle.,2022-03-20
153,187,46,4,"Near around material third such success. Stay in herself knowledge.
Mother life meeting. Certainly book evening total away put. Front add such whose administration.",2022-04-28
154,195,82,4,Save expect present television add number say. Indeed eye experience radio. Including could couple hit rule mean.,2020-08-01
155,243,28,1,"Air hot kid. Together red only economy water hope. Certainly environmental exactly how.
Factor conference may meeting across.",2020-11-18
156,259,100,3,"Chair light woman article. Grow direction seven so.
Role fall range resource study leave. Reflect recognize sense walk business unit amount.
Several commercial water leave hundred small.",2024-02-14
157,285,82,3,"Close central score person current present. Garden two live her miss certainly several. Manage happy explain financial.
Something tax necessary establish brother.",2023-01-25
158,253,24,4,"Energy media example care hold mouth you. Thought return quite five myself industry. Ago force news maybe.
Wonder without anything fire we. Including view purpose practice. Check agency adult leave.",2022-07-24
159,121,60,4,Offer join reduce into story discussion Mrs. Increase drive produce.,2020-06-07
160,63,1,3,"Mouth effect finish move. Edge claim recognize because indicate. Relationship history help.
Place like rather Mrs feeling. Letter stand myself couple front. Trade fear speech democratic write civil.",2021-03-26
161,237,51,4,"Poor key trip leave money paper window. Focus special civil involve. Information side order throw sometimes.
Father lawyer shoulder level nature. Around might very stuff.",2022-03-15
162,140,31,2,"Population see itself something. Able adult act only range star human. Case lot by.
So break lawyer stage list measure. Team early process hotel his.
Husband able old deal keep soldier.",2022-01-26
163,204,41,2,Effect scientist citizen partner either argue. Body while difference doctor. Serve either fear only leave. Expert billion magazine later.,2021-10-17
164,52,63,5,Look truth shake southern mind. Join TV identify turn main.,2021-06-02
165,200,87,3,"Free final particularly position shoulder will. Subject quite with traditional drop forget.
We change response factor particularly kind. Institution certain old about. Crime Mrs surface than onto.",2021-10-18
166,159,3,1,"Environmental bill parent star participant. Middle about less improve lawyer attention.
Someone Mrs pretty do have eight factor.",2023-09-06
167,63,58,1,"Two recognize after fall. For catch talk themselves. Final could deal sense.
Whether side hold reach kitchen machine. Seven Mrs west material similar throw.",2021-04-10
168,97,63,1,Seven ready international tonight mention goal remain director. Toward yet face year seat series serious. Somebody hit service along admit late.,2022-05-09
169,182,94,1,Believe need already worker kid. Cut learn guy strategy material large really. Trade throughout actually camera all art letter field.,2022-09-19
170,139,33,2,Friend side recently nearly manage could return scene.,2022-09-07
171,111,17,4,"Number old part year really. Prepare who leave character clear hotel.
Age record walk star room body. Will from coach tax to past. Vote far beautiful we.",2020-02-05
172,170,70,4,"Throw benefit foreign item.
Enjoy opportunity with lay. Language involve any.
A allow personal house culture.
Their raise ability involve. Police less reason own.",2022-08-17
173,197,32,3,Range girl everybody safe party already. Per sister foreign choice different improve series green.,2023-10-24
174,123,59,4,"Group fire energy image allow box. Police PM official it close evening.
Student tell learn action analysis another. Better cup conference something magazine.",2023-10-17
175,22,99,1,"Rather evening high court each view. Laugh middle board think staff notice. Occur various production deep point.
East place check threat add. Difficult hard almost.",2023-07-29
176,28,77,2,Agreement manager single lead heavy edge manager. Rock majority anyone plant like leg training those. People artist listen situation may beautiful away.,2023-06-10
177,75,20,1,"Though civil guy wonder leader. Child civil former subject natural.
Part his add. Coach someone again together. Resource message knowledge attorney international.",2022-01-13
178,125,68,2,Recent home care fine account what high surface. West far so second finally citizen.,2020-01-08
179,183,88,1,"Wish true process manage knowledge make. Him leave card describe.
With only probably half follow somebody matter. Power rock fund field. Stand yet today determine common skin reduce according.",2023-07-22
180,103,94,5,Catch case another year everything also serious. Everyone way recent where figure. Successful commercial blood eat.,2021-08-05
181,170,92,5,"Sometimes bit several arm join behavior various help. Score book community.
Space mean think wear energy newspaper. Case general them yourself.",2021-06-04
182,231,59,4,"Though region current fish single both watch.
Fire book issue too light sing five.
Treatment want bring maintain. Face section raise camera.",2023-09-25
183,188,82,1,Threat perhaps risk education. Other market point history. Bag suddenly pick character risk. Political fast traditional building long democratic number.,2023-04-09
184,169,66,4,"Black one level fight rich. Prepare plan lead usually.
Director occur thought. Idea woman actually phone scientist idea.
Young across mean. Ago admit wind movement. Contain under test skin.",2023-10-14
185,173,19,5,"Individual into clear provide someone seem. By course product fly. Born coach by usually early.
Create data she some. Share kid yet food certainly high property. All push house son job help.",2024-01-04
186,103,58,2,"Official trip born. Table glass choice should. Position former laugh member particular role.
Television hot former site.",2023-11-25
187,67,11,3,"Week natural conference. Later any perhaps method.
Street local everybody. By including future pay.
Bring police something any left. Enough both Mrs write assume nation grow.",2021-07-19
188,16,27,2,See particular happen sound upon bring commercial drug. Two factor understand American possible. Owner drug order thousand heart moment simply.,2022-03-29
189,183,81,3,Mention environment country to but someone. Something perform business talk various beat use. Present rise edge activity figure recent.,2020-03-27
190,128,62,4,"Control blood machine recent series interview. Help treat across according quite increase wide. National final thing thus.
Ever heavy yard five bag until. Window teach oil better generation.",2024-01-03
191,83,76,3,Three us success section. Thus science oil hospital yard. Charge son condition whatever hotel young throughout.,2022-08-07
192,264,63,5,"Reality accept same up. Whom fast ask strategy.
Area test perhaps mean. Either subject choose history occur card matter. Contain what base what without same feel.",2021-05-03
193,280,45,4,Health impact space example small act. Rise late from oil thousand truth. Allow specific artist scientist job deal sister.,2023-10-11
194,298,49,5,"Realize author measure enough instead explain class. Actually research finish set scene vote mind.
Nor stay officer account yeah next head. Charge process most however each pass. East way third each.",2022-09-13
195,280,40,1,"Out station long magazine. Camera edge note service why per.
Sing design produce a move head red. Rest ability fire glass father.",2023-11-20
196,10,72,3,"Affect art across be. Less establish job win concern.
Play nearly usually look consumer special wide country. Her resource gun. Provide difference note factor moment.",2022-11-07
197,142,79,3,"Lay arm agreement write after attack.
Run join enjoy cup apply. Hot nation soon yet team ask everyone himself. Go class enough act might. Stock because it black.",2020-02-29
198,80,65,2,Stand voice education until various guess care. Task election group these pattern whatever community. Agree environment weight think spring gun second.,2023-07-12
199,49,15,1,"Trade audience final event sort.
Traditional but go. Decide magazine level reveal common. Country sense tend election how claim over.
Only politics pull space. Ask phone happen.",2021-08-13
200,299,70,3,"Movie people firm budget particularly stuff. Pick music audience street. Which short build four management force.
Body involve bank. Within design product night.",2021-02-01
