ID,Birthday,E_Mail,First_name,Last_name,OrtID
1,1950-02-13,user1@example.com,FirstName1,LastName1,473
2,1952-05-18,user2@example.com,FirstName2,LastName2,482
3,1951-09-07,user3@example.com,FirstName3,LastName3,332
4,1972-10-22,user4@example.com,FirstName4,LastName4,228
5,1999-10-26,user5@example.com,FirstName5,LastName5,298
6,1964-07-25,user6@example.com,FirstName6,LastName6,475
7,1998-08-19,user7@example.com,FirstName7,LastName7,198
8,1966-03-13,user8@example.com,FirstName8,LastName8,211
9,1961-01-12,user9@example.com,FirstName9,LastName9,26
10,1967-08-31,user10@example.com,FirstName10,LastName10,487
11,1957-10-02,user11@example.com,FirstName11,LastName11,15
12,1975-08-06,user12@example.com,FirstName12,LastName12,301
13,1973-08-18,user13@example.com,FirstName13,LastName13,141
14,1953-06-20,user14@example.com,FirstName14,LastName14,19
15,1993-12-24,user15@example.com,FirstName15,LastName15,22
16,1976-04-12,user16@example.com,FirstName16,LastName16,295
17,1956-03-08,user17@example.com,FirstName17,LastName17,257
18,1950-12-16,user18@example.com,FirstName18,LastName18,60
19,1993-08-17,user19@example.com,FirstName19,LastName19,37
20,1978-05-20,user20@example.com,FirstName20,LastName20,5
21,1980-06-18,user21@example.com,FirstName21,LastName21,33
22,1994-07-22,user22@example.com,FirstName22,LastName22,296
23,1963-10-16,user23@example.com,FirstName23,LastName23,363
24,1951-11-29,user24@example.com,FirstName24,LastName24,447
25,1984-11-03,user25@example.com,FirstName25,LastName25,349
26,1991-07-19,user26@example.com,FirstName26,LastName26,156
27,1975-05-27,user27@example.com,FirstName27,LastName27,245
28,1981-07-26,user28@example.com,FirstName28,LastName28,2
29,1978-02-10,user29@example.com,FirstName29,LastName29,20
30,1981-09-06,user30@example.com,FirstName30,LastName30,478
31,1978-04-03,user31@example.com,FirstName31,LastName31,34
32,1989-10-18,user32@example.com,FirstName32,LastName32,404
33,1975-09-29,user33@example.com,FirstName33,LastName33,259
34,1981-09-20,user34@example.com,FirstName34,LastName34,340
35,1958-05-21,user35@example.com,FirstName35,LastName35,273
36,1972-12-07,user36@example.com,FirstName36,LastName36,424
37,1985-11-17,user37@example.com,FirstName37,LastName37,338
38,1986-04-18,user38@example.com,FirstName38,LastName38,411
39,1952-01-13,user39@example.com,FirstName39,LastName39,146
40,1964-06-13,user40@example.com,FirstName40,LastName40,370
41,1993-09-14,user41@example.com,FirstName41,LastName41,323
42,1989-01-30,user42@example.com,FirstName42,LastName42,93
43,1967-11-21,user43@example.com,FirstName43,LastName43,477
44,1985-01-11,user44@example.com,FirstName44,LastName44,64
45,1980-10-15,user45@example.com,FirstName45,LastName45,149
46,1969-08-08,user46@example.com,FirstName46,LastName46,110
47,1961-08-06,user47@example.com,FirstName47,LastName47,340
48,1981-03-26,user48@example.com,FirstName48,LastName48,325
49,1973-01-25,user49@example.com,FirstName49,LastName49,132
50,1995-10-31,user50@example.com,FirstName50,LastName50,117
51,1971-03-27,user51@example.com,FirstName51,LastName51,327
52,1986-03-03,user52@example.com,FirstName52,LastName52,455
53,1951-08-03,user53@example.com,FirstName53,LastName53,262
54,1966-04-02,user54@example.com,FirstName54,LastName54,342
55,1979-11-30,user55@example.com,FirstName55,LastName55,76
56,1989-12-26,user56@example.com,FirstName56,LastName56,31
57,1985-07-03,user57@example.com,FirstName57,LastName57,2
58,1996-02-14,user58@example.com,FirstName58,LastName58,498
59,1995-07-06,user59@example.com,FirstName59,LastName59,12
60,1960-11-17,user60@example.com,FirstName60,LastName60,406
61,1957-01-23,user61@example.com,FirstName61,LastName61,93
62,1958-06-09,user62@example.com,FirstName62,LastName62,304
63,1966-05-28,user63@example.com,FirstName63,LastName63,291
64,1992-10-28,user64@example.com,FirstName64,LastName64,408
65,1969-09-29,user65@example.com,FirstName65,LastName65,26
66,1965-09-19,user66@example.com,FirstName66,LastName66,176
67,1986-03-01,user67@example.com,FirstName67,LastName67,390
68,1969-11-04,user68@example.com,FirstName68,LastName68,168
69,1966-07-05,user69@example.com,FirstName69,LastName69,199
70,1992-09-09,user70@example.com,FirstName70,LastName70,286
71,1994-04-07,user71@example.com,FirstName71,LastName71,496
72,1968-06-22,user72@example.com,FirstName72,LastName72,496
73,1979-08-01,user73@example.com,FirstName73,LastName73,272
74,1979-07-23,user74@example.com,FirstName74,LastName74,377
75,1951-03-07,user75@example.com,FirstName75,LastName75,455
76,1977-07-18,user76@example.com,FirstName76,LastName76,77
77,1952-04-11,user77@example.com,FirstName77,LastName77,65
78,1989-03-24,user78@example.com,FirstName78,LastName78,88
79,1992-12-30,user79@example.com,FirstName79,LastName79,356
80,1979-07-24,user80@example.com,FirstName80,LastName80,285
81,1991-08-11,user81@example.com,FirstName81,LastName81,283
82,1994-01-12,user82@example.com,FirstName82,LastName82,466
83,1978-12-04,user83@example.com,FirstName83,LastName83,337
84,1998-11-15,user84@example.com,FirstName84,LastName84,259
85,1956-01-06,user85@example.com,FirstName85,LastName85,210
86,1990-09-30,user86@example.com,FirstName86,LastName86,26
87,1955-05-11,user87@example.com,FirstName87,LastName87,328
88,1971-02-01,user88@example.com,FirstName88,LastName88,340
89,1974-02-27,user89@example.com,FirstName89,LastName89,245
90,1966-10-31,user90@example.com,FirstName90,LastName90,372
91,1993-08-19,user91@example.com,FirstName91,LastName91,170
92,1971-05-21,user92@example.com,FirstName92,LastName92,237
93,1958-06-13,user93@example.com,FirstName93,LastName93,310
94,1957-12-03,user94@example.com,FirstName94,LastName94,94
95,1977-11-30,user95@example.com,FirstName95,LastName95,298
96,1973-06-27,user96@example.com,FirstName96,LastName96,392
97,1967-06-24,user97@example.com,FirstName97,LastName97,390
98,1969-12-29,user98@example.com,FirstName98,LastName98,82
99,1984-10-14,user99@example.com,FirstName99,LastName99,86
100,1984-01-02,user100@example.com,FirstName100,LastName100,421
