ID,Birthday,First_name,Last_name,LocationID
1,1971-12-08,ActorFirstName1,ActorLastName1,243
2,1952-03-18,ActorFirstName2,ActorLastName2,413
3,1950-05-05,ActorFirstName3,ActorLastName3,264
4,1962-10-20,ActorFirstName4,ActorLastName4,112
5,1955-09-28,ActorFirstName5,ActorLastName5,176
6,1982-03-08,ActorFirstName6,ActorLastName6,430
7,1954-03-15,ActorFirstName7,ActorLastName7,322
8,1957-02-22,ActorFirstName8,ActorLastName8,4
9,1997-06-05,ActorFirstName9,ActorLastName9,43
10,1968-03-04,ActorFirstName10,ActorLastName10,97
11,1982-01-24,ActorFirstName11,ActorLastName11,333
12,1978-01-07,ActorFirstName12,ActorLastName12,169
13,1961-12-20,ActorFirstName13,ActorLastName13,7
14,1978-12-11,ActorFirstName14,ActorLastName14,207
15,1954-12-19,ActorFirstName15,ActorLastName15,300
16,1961-02-04,ActorFirstName16,ActorLastName16,350
17,1959-04-08,ActorFirstName17,ActorLastName17,161
18,1991-05-31,ActorFirstName18,ActorLastName18,66
19,1986-10-24,ActorFirstName19,ActorLastName19,123
20,1994-01-21,ActorFirstName20,ActorLastName20,452
21,1998-02-22,ActorFirstName21,ActorLastName21,36
22,1983-06-21,ActorFirstName22,ActorLastName22,395
23,1956-08-31,ActorFirstName23,ActorLastName23,413
24,1950-11-21,ActorFirstName24,ActorLastName24,314
25,1994-09-02,ActorFirstName25,ActorLastName25,60
26,1959-03-06,ActorFirstName26,ActorLastName26,243
27,1979-01-29,ActorFirstName27,ActorLastName27,351
28,1953-03-18,ActorFirstName28,ActorLastName28,337
29,1984-10-18,ActorFirstName29,ActorLastName29,305
30,1950-04-02,ActorFirstName30,ActorLastName30,165
31,1967-02-08,ActorFirstName31,ActorLastName31,49
32,1989-01-28,ActorFirstName32,ActorLastName32,62
33,1981-08-18,ActorFirstName33,ActorLastName33,179
34,1959-11-08,ActorFirstName34,ActorLastName34,410
35,1996-07-08,ActorFirstName35,ActorLastName35,353
36,1989-08-09,ActorFirstName36,ActorLastName36,74
37,1993-06-30,ActorFirstName37,ActorLastName37,113
38,1964-09-05,ActorFirstName38,ActorLastName38,14
39,1980-02-01,ActorFirstName39,ActorLastName39,485
40,1988-12-20,ActorFirstName40,ActorLastName40,423
41,1982-09-21,ActorFirstName41,ActorLastName41,449
42,1990-11-19,ActorFirstName42,ActorLastName42,123
43,1962-08-07,ActorFirstName43,ActorLastName43,361
44,1953-01-20,ActorFirstName44,ActorLastName44,94
45,1999-04-12,ActorFirstName45,ActorLastName45,419
46,1999-01-25,ActorFirstName46,ActorLastName46,281
47,1985-03-10,ActorFirstName47,ActorLastName47,431
48,1992-11-09,ActorFirstName48,ActorLastName48,171
49,1971-05-31,ActorFirstName49,ActorLastName49,117
50,1962-07-14,ActorFirstName50,ActorLastName50,327
51,1984-06-20,ActorFirstName51,ActorLastName51,470
52,1964-02-28,ActorFirstName52,ActorLastName52,464
53,1957-01-13,ActorFirstName53,ActorLastName53,443
54,1993-08-05,ActorFirstName54,ActorLastName54,325
55,1955-06-26,ActorFirstName55,ActorLastName55,371
56,1968-12-09,ActorFirstName56,ActorLastName56,326
57,1958-04-11,ActorFirstName57,ActorLastName57,433
58,1953-08-11,ActorFirstName58,ActorLastName58,202
59,1988-06-19,ActorFirstName59,ActorLastName59,122
60,1965-08-20,ActorFirstName60,ActorLastName60,431
61,1983-12-11,ActorFirstName61,ActorLastName61,333
62,1999-11-24,ActorFirstName62,ActorLastName62,462
63,1976-11-25,ActorFirstName63,ActorLastName63,432
64,1980-12-28,ActorFirstName64,ActorLastName64,464
65,1978-08-21,ActorFirstName65,ActorLastName65,337
66,1951-11-29,ActorFirstName66,ActorLastName66,276
67,1990-08-05,ActorFirstName67,ActorLastName67,182
68,1954-12-16,ActorFirstName68,ActorLastName68,300
69,1997-01-13,ActorFirstName69,ActorLastName69,202
70,1985-09-26,ActorFirstName70,ActorLastName70,481
71,1985-05-20,ActorFirstName71,ActorLastName71,151
72,1985-12-09,ActorFirstName72,ActorLastName72,52
73,1963-06-16,ActorFirstName73,ActorLastName73,121
74,1978-08-20,ActorFirstName74,ActorLastName74,57
75,1999-11-29,ActorFirstName75,ActorLastName75,369
76,1956-03-23,ActorFirstName76,ActorLastName76,279
77,1988-04-04,ActorFirstName77,ActorLastName77,415
78,1962-01-19,ActorFirstName78,ActorLastName78,107
79,1978-01-29,ActorFirstName79,ActorLastName79,399
80,1952-11-15,ActorFirstName80,ActorLastName80,382
81,1974-10-02,ActorFirstName81,ActorLastName81,289
82,1971-03-05,ActorFirstName82,ActorLastName82,31
83,1958-01-11,ActorFirstName83,ActorLastName83,42
84,1950-11-27,ActorFirstName84,ActorLastName84,40
85,1982-06-09,ActorFirstName85,ActorLastName85,221
86,1965-10-17,ActorFirstName86,ActorLastName86,91
87,1980-07-12,ActorFirstName87,ActorLastName87,300
88,1959-01-05,ActorFirstName88,ActorLastName88,368
89,1974-09-05,ActorFirstName89,ActorLastName89,172
90,1997-07-27,ActorFirstName90,ActorLastName90,162
91,1966-02-05,ActorFirstName91,ActorLastName91,115
92,1977-11-25,ActorFirstName92,ActorLastName92,281
93,1957-10-14,ActorFirstName93,ActorLastName93,19
94,1963-04-08,ActorFirstName94,ActorLastName94,437
95,1999-05-08,ActorFirstName95,ActorLastName95,419
96,1974-06-03,ActorFirstName96,ActorLastName96,129
97,1960-09-08,ActorFirstName97,ActorLastName97,40
98,1965-11-09,ActorFirstName98,ActorLastName98,82
99,1973-03-10,ActorFirstName99,ActorLastName99,124
100,1987-07-23,ActorFirstName100,ActorLastName100,465
101,1976-02-16,ActorFirstName101,ActorLastName101,158
102,1993-10-13,ActorFirstName102,ActorLastName102,86
103,1956-09-13,ActorFirstName103,ActorLastName103,284
104,1980-02-20,ActorFirstName104,ActorLastName104,131
105,1977-09-25,ActorFirstName105,ActorLastName105,279
106,1975-08-18,ActorFirstName106,ActorLastName106,79
107,1978-06-13,ActorFirstName107,ActorLastName107,48
108,1988-11-27,ActorFirstName108,ActorLastName108,477
109,1964-02-02,ActorFirstName109,ActorLastName109,314
110,1970-10-18,ActorFirstName110,ActorLastName110,122
111,1959-01-20,ActorFirstName111,ActorLastName111,402
112,1969-11-06,ActorFirstName112,ActorLastName112,285
113,1976-06-18,ActorFirstName113,ActorLastName113,187
114,1996-05-14,ActorFirstName114,ActorLastName114,158
115,1980-02-15,ActorFirstName115,ActorLastName115,463
116,1984-11-28,ActorFirstName116,ActorLastName116,57
117,1980-01-10,ActorFirstName117,ActorLastName117,6
118,1984-11-14,ActorFirstName118,ActorLastName118,242
119,1983-10-14,ActorFirstName119,ActorLastName119,339
120,1986-03-20,ActorFirstName120,ActorLastName120,190
121,1985-01-19,ActorFirstName121,ActorLastName121,68
122,1965-01-03,ActorFirstName122,ActorLastName122,266
123,1959-08-24,ActorFirstName123,ActorLastName123,128
124,1989-11-02,ActorFirstName124,ActorLastName124,193
125,1972-03-09,ActorFirstName125,ActorLastName125,302
126,1958-08-03,ActorFirstName126,ActorLastName126,23
127,1972-06-05,ActorFirstName127,ActorLastName127,350
128,1987-05-22,ActorFirstName128,ActorLastName128,7
129,1991-04-29,ActorFirstName129,ActorLastName129,328
130,1987-09-04,ActorFirstName130,ActorLastName130,200
131,1999-09-23,ActorFirstName131,ActorLastName131,23
132,1980-02-05,ActorFirstName132,ActorLastName132,343
133,1950-07-20,ActorFirstName133,ActorLastName133,266
134,1958-11-12,ActorFirstName134,ActorLastName134,202
135,1980-01-19,ActorFirstName135,ActorLastName135,394
136,1950-09-15,ActorFirstName136,ActorLastName136,349
137,1983-12-24,ActorFirstName137,ActorLastName137,427
138,1964-09-26,ActorFirstName138,ActorLastName138,124
139,1968-12-19,ActorFirstName139,ActorLastName139,105
140,1998-03-24,ActorFirstName140,ActorLastName140,148
141,1997-07-22,ActorFirstName141,ActorLastName141,401
142,1950-11-18,ActorFirstName142,ActorLastName142,345
143,1955-07-10,ActorFirstName143,ActorLastName143,126
144,1992-05-25,ActorFirstName144,ActorLastName144,177
145,1998-06-29,ActorFirstName145,ActorLastName145,199
146,1987-08-04,ActorFirstName146,ActorLastName146,101
147,1982-10-09,ActorFirstName147,ActorLastName147,243
148,1966-07-14,ActorFirstName148,ActorLastName148,208
149,1998-06-26,ActorFirstName149,ActorLastName149,294
150,1951-12-09,ActorFirstName150,ActorLastName150,466
151,1953-11-12,ActorFirstName151,ActorLastName151,303
152,1999-08-19,ActorFirstName152,ActorLastName152,109
153,1996-09-08,ActorFirstName153,ActorLastName153,482
154,1999-01-28,ActorFirstName154,ActorLastName154,277
155,1954-02-11,ActorFirstName155,ActorLastName155,476
156,1986-09-26,ActorFirstName156,ActorLastName156,212
157,1959-02-21,ActorFirstName157,ActorLastName157,480
158,1960-12-11,ActorFirstName158,ActorLastName158,316
159,1982-06-05,ActorFirstName159,ActorLastName159,203
160,1992-06-21,ActorFirstName160,ActorLastName160,455
161,1953-10-16,ActorFirstName161,ActorLastName161,497
162,1963-06-02,ActorFirstName162,ActorLastName162,89
163,1991-12-24,ActorFirstName163,ActorLastName163,423
164,1983-07-25,ActorFirstName164,ActorLastName164,304
165,1991-12-25,ActorFirstName165,ActorLastName165,55
166,1991-03-29,ActorFirstName166,ActorLastName166,384
167,1960-01-13,ActorFirstName167,ActorLastName167,323
168,1964-11-14,ActorFirstName168,ActorLastName168,188
169,1954-02-21,ActorFirstName169,ActorLastName169,392
170,1977-01-27,ActorFirstName170,ActorLastName170,385
171,1955-02-26,ActorFirstName171,ActorLastName171,224
172,1985-06-08,ActorFirstName172,ActorLastName172,85
173,1957-01-19,ActorFirstName173,ActorLastName173,431
174,1982-05-08,ActorFirstName174,ActorLastName174,25
175,1974-11-10,ActorFirstName175,ActorLastName175,150
176,1956-01-12,ActorFirstName176,ActorLastName176,63
177,1969-12-21,ActorFirstName177,ActorLastName177,44
178,1967-06-08,ActorFirstName178,ActorLastName178,285
179,1971-07-12,ActorFirstName179,ActorLastName179,249
180,1971-10-20,ActorFirstName180,ActorLastName180,131
181,1980-05-02,ActorFirstName181,ActorLastName181,384
182,1959-07-21,ActorFirstName182,ActorLastName182,75
183,1962-08-16,ActorFirstName183,ActorLastName183,436
184,1954-06-08,ActorFirstName184,ActorLastName184,281
185,1953-08-08,ActorFirstName185,ActorLastName185,3
186,1987-04-24,ActorFirstName186,ActorLastName186,433
187,1997-06-02,ActorFirstName187,ActorLastName187,296
188,1979-04-24,ActorFirstName188,ActorLastName188,225
189,1971-12-18,ActorFirstName189,ActorLastName189,207
190,1958-12-20,ActorFirstName190,ActorLastName190,460
191,1972-03-01,ActorFirstName191,ActorLastName191,116
192,1989-10-21,ActorFirstName192,ActorLastName192,179
193,1974-08-12,ActorFirstName193,ActorLastName193,141
194,1960-12-05,ActorFirstName194,ActorLastName194,273
195,1951-10-16,ActorFirstName195,ActorLastName195,419
196,1963-07-08,ActorFirstName196,ActorLastName196,286
197,1990-08-18,ActorFirstName197,ActorLastName197,419
198,1967-12-19,ActorFirstName198,ActorLastName198,468
199,1953-10-14,ActorFirstName199,ActorLastName199,125
200,1970-07-03,ActorFirstName200,ActorLastName200,425
